Valoper,Uptime,Total Slashes,Tombstoned,Blocks Active,Signed Blocks,Missed Blocks,Proposed Blocks,Delegators,Stake,Self Stake
storyvaloper1qzlsuhxyggc58dakmk92420slnsares5c3mk6k,100.0,0,False,674244,674236,8,24240,120,3916585.1,2049.0
storyvaloper1qxhdqgsmm6vlrfrn594mm46qqenu52cckwa6cc,100.0,0,False,29501,29501,0,199,1,25159.0,25159.0
storyvaloper1zrkjleyv9c4rp5u24cyn6j08ahypep35r4uk3k,100.0,0,False,18342,18342,0,127,1,21042.0,21042.0
storyvaloper1rfnera4cjh83fahr62dlfz2n9yf42v45nltkwy,100.0,0,False,18111,18111,0,123,1,19900.0,19900.0
storyvaloper18waxk5d6zt5k7xnwd5pp8kmsalupthcwdwmr24,100.0,1,True,122,122,0,0,2,134044.0,1044.0
storyvaloper18j8r0grm4yh7lfqvftaxdurum2gdnh567yt3s0,100.0,0,False,18321,18321,0,124,1,24004.0,24004.0
storyvaloper18cvm8frrckjwfshqdg6p63pzwy9dxvsrlup8kk,100.0,0,False,18168,18168,0,127,1,1110.0,1110.0
storyvaloper1fqss80elgqdgjz5gtw2dyl82ayh0dy9zz58s47,100.0,1,True,111,111,0,1,2,133972.8,972.8
storyvaloper12s7mczq0gsvzyav5sleje29pped8mpgcprr9r2,100.0,0,False,674244,674239,5,23636,120,3331074.4,5121.0
storyvaloper1the6ag95nrgg0h6pw3nzxdf4zv4e4uws0x3yln,100.0,0,False,18639,18639,0,115,1,11024.0,11024.0
storyvaloper1s5gd8td90j2cgn9h9we2zpnn0kesespp7nfpfv,100.0,0,False,18173,18173,0,128,1,23048.0,23048.0
storyvaloper13tmg5f5mtdkj87vq94nlsmhu3kylg6askjvw2f,100.0,0,False,656141,656115,26,4581,113,2584288.0,1024.0
storyvaloper14n0ksrhhk2zdrypculd4zuaa64j4cueczq5xhm,100.0,0,False,18350,18350,0,131,1,19999.0,19999.0
storyvaloper1htkcu0adnlfqg4l29t2n5cc6l2nywle6qyqdr9,100.0,0,False,18295,18295,0,121,1,18024.0,18024.0
storyvaloper1c58gr53xrf6ktwtr8vwmzxyfz2xzzaaz8rrw68,100.0,0,False,96618,96618,0,612,1,24825.0,24825.0
storyvaloper1l3t54lspt8pwxzfncg8t5flx4yarkjlj0tpc53,100.0,0,False,18133,18133,0,124,1,19948.0,19948.0
storyvaloper1l7wq80kk7j7e84ml7mzdhrxd66xufm7pvunwj6,100.0,0,False,26016,26016,0,176,1,24857.0,24857.0
storyvaloper1zwrnppxgpzm437se3j0asq5k2yk38hc758pdr7,99.99,0,False,656149,656054,95,4583,115,2484960.0,1024.0
storyvaloper19t6g3988z2zhwv9xzzdn9zn0ddsserwln3sjn8,99.99,0,False,116271,116260,11,628,1,26613.0,26613.0
storyvaloper19320qvhvyy0gqgmxjewt6hrpmun5tac6sp2f76,99.99,0,False,18535,18534,1,128,1,23550.0,23550.0
storyvaloper1xx42vsmgccj96hnfw5tumtf062c09z678pg46l,99.99,0,False,18099,18097,2,119,1,15953.0,15953.0
storyvaloper1gfky97qzujagey6pnw2xz29tduvc34zrn98gg0,99.99,0,False,656059,656013,46,4638,115,3104556.0,1100.0
storyvaloper12e6dh28hq7hd2qwd6v992uwr5ukrmq2xeup4ep,99.99,0,False,18141,18139,2,104,1,1030.0,1030.0
storyvaloper1wte6l2r6xh3l6xus8ug0u36xya0cltclyuqy75,99.99,0,False,98180,98175,5,623,1,24869.0,24869.0
storyvaloper13k24q8a30twnuzkpsk9c95xhs7cwdfckx9d9e7,99.99,0,False,18246,18244,2,123,1,19024.0,19024.0
storyvaloper13kvhv7fny79pdnksuq229ndc0ylnl3wcc697da,99.99,0,False,18648,18647,1,116,1,11000.0,11000.0
storyvaloper1c74pd36ddkr7kk3jtrxw9qhck6v4gn2cdtg3m4,99.99,0,False,20215,20213,2,137,1,100000.0,0.0
storyvaloper1m8f8kqcjd846pxqn6v3sz78j6t0jczd9uwky4z,99.99,0,False,656077,656000,77,4561,114,2500320.0,1024.0
storyvaloper1mg5wjz3kta5dfqxc93hv9hjg0cha53l97ne3z4,99.99,0,False,18175,18173,2,128,1,23349.0,23349.0
storyvaloper1mu457ah3ry685w3f0pnq940mpdp04j0skqwtt9,99.99,0,False,656138,656042,96,4583,114,2612960.0,1024.0
storyvaloper1u2vlklgdfjnah2ll7gghp2cvw4j7x7asynxxdn,99.99,0,False,18159,18158,1,125,1,19999.0,19999.0
storyvaloper1xsrjrajnrpx7u2gn7msxz85z469505fvunvsn5,99.98,0,False,656204,656084,120,4668,115,3158752.0,1024.0
storyvaloper1xa3rd3vs28jym7pwcacf2t3cgpl590zj6eyuhq,99.98,0,False,18133,18129,4,123,1,19948.0,19948.0
storyvaloper187xp6lza085qvj28cpnp55vaexldtlnggkplkx,99.98,0,False,18173,18170,3,122,1,19001.0,19001.0
storyvaloper1f0sljxr2w2vexhmdytgjz6dw57vraadd973t00,99.98,0,False,18161,18158,3,124,1,20000.0,20000.0
storyvaloper1f55pj65qp0rufg2y5u47hz98gtf6jzpts8lpgy,99.98,0,False,18578,18574,4,128,1,23722.0,23722.0
storyvaloper1fuxw9xujuw08cw6ujqx6upw6ja8zcerwsdn224,99.98,0,False,18122,18119,3,103,1,1024.0,1024.0
storyvaloper12956laxe7s5007ye37z7wtdv7h0km5gp4p3xum,99.98,0,False,656059,655937,122,4630,114,2820898.0,1090.0
storyvaloper12vrh9n58r2ftpdjfjj7j4ghfw76sx9c4e45yxl,99.98,0,False,18133,18129,4,125,1,19991.0,19991.0
storyvaloper12sa4vsnhuhmw52sht97uhm3fch57enf2sjydhw,99.98,0,False,656059,655934,125,4509,115,2036525.0,1101.0
storyvaloper1s5j9d80stg70pdg2jan9ea5ln9zcdraarqjark,99.98,0,False,18240,18237,3,123,1,19650.0,19650.0
storyvaloper13tm6a04err3yzasegk4agqgqfgtt048yhs8hs6,99.98,0,False,20735,20731,4,141,1,20912.0,20912.0
storyvaloper13el67lyw2qpacpuzha9e7p3rpjg8jl8tmecq2q,99.98,0,False,18182,18178,4,127,1,24039.0,24039.0
storyvaloper1j08gnmvjz5ernv4s4w40jmntwfl7y5hlyxp8jc,99.98,0,False,656069,655959,110,4643,113,3023584.0,1024.0
storyvaloper1n9ft9mx5q0amlwextftwpehxe082sj2sj8tzrk,99.98,0,False,18673,18670,3,129,1,24507.0,24507.0
storyvaloper16xg48zr4m6unpwqd6c9q2uj4t3nrllqp8tw02u,99.98,0,False,21544,21540,4,148,1,24061.0,24061.0
storyvaloper16nwswhexfkv36f57um68td5j7mtsf9j4wfj4dn,99.98,0,False,674193,674027,166,8016,115,3168634.0,1024.0
storyvaloper1u30x96px5t3q3kl4n6d0d5sl52zkw5vqylp9fz,99.98,0,False,21973,21969,4,142,1,24024.0,24024.0
storyvaloper1ymsmqlx54g33msau9x98my03p9hd36djvkylqd,99.97,0,False,18182,18177,5,127,3,23067.0,21019.0
storyvaloper1x9c7xr8x4du2e926cgztthaq8cydnvcvvypesa,99.97,0,False,18404,18399,5,129,1,24327.0,24327.0
storyvaloper1tg3tzx9nt6069sxrw4s6e0g50h4ljmfnc0te4l,99.97,0,False,656154,655953,201,4571,114,2347815.0,1095.0
storyvaloper1wv2wuyk00y6fscxnyc5m7j9fr4vpwj4thq3kt9,99.97,0,False,18195,18189,6,124,1,19990.0,19990.0
storyvaloper1cu3ua6279lk9w2kxlulzr2ttyzpxd5hytyfc4y,99.97,0,False,18637,18631,6,115,1,11000.0,11000.0
storyvaloper1ml7wkkeuupt9syle0zszvst88632mz8g3aahpy,99.97,0,False,18133,18128,5,123,1,19989.0,19989.0
storyvaloper18m7p3puy2scyqp83369nhlmmerk3vmgs4rngfc,99.96,0,False,18090,18083,7,113,1,10000.0,10000.0
storyvaloper1vq80dadh9zplaus3pkhasvqc3guztnxhj0fj38,99.96,0,False,656146,655901,245,4539,115,2217696.0,1024.0
storyvaloper1ckj7xq5uk44tqh9sty8qct9cz3hemh0zgyktar,99.96,0,False,111291,111249,42,657,1,26237.0,26237.0
storyvaloper1egge9775vhypgsgd9mqq2uw3q5gqut708hj57y,99.96,0,False,18086,18078,8,114,1,9999.0,9999.0
storyvaloper1ulrqpkgw5utu35362vpvknql9x6qresgags8q2,99.96,0,False,656145,655870,275,4541,113,2750176.0,1024.0
storyvaloper1765xe28ktlpkxvwsndx4aswx2rwxt24v7lx4u7,99.96,0,False,18111,18103,8,123,1,19890.0,19890.0
storyvaloper1pjfazvhc93m5s7jyx4md36nxxllmhedkt77wc7,99.95,0,False,27819,27804,15,183,1,24615.0,24615.0
storyvaloper1r62nlglv96dqhqhsc2dq3tfydh7kp2pq8f7w07,99.95,0,False,24362,24351,11,165,1,24568.6,24568.6
storyvaloper1wh896802py6w66ymexxqdduf0d4jq4zw04yqzr,99.95,0,False,18227,18218,9,124,1,19548.0,19548.0
storyvaloper1wl873hxdkhhjalt86zgmyphfzlt2kl39kf4x2a,99.95,0,False,674244,673885,359,30860,148,3739797.3,1024.0
storyvaloper13cm9skv9yq6s983axr4hyy45awcaxtwtqsj8tu,99.95,0,False,18289,18279,10,121,1,19000.0,19000.0
storyvaloper137cw3ke8e7lq8u0r57yxqatc6w2m9k379k0zpa,99.95,0,False,656133,655819,314,4626,112,2259726.0,1070.0
storyvaloper16qcd4vf5y8getfsc2a8amww8kawqrcwpmwrpua,99.95,0,False,29214,29198,16,202,1,24943.0,24943.0
storyvaloper16exhdc2hzrtralnk5meca08nd8kfeu00kvxgs3,99.95,0,False,18776,18766,10,127,1,19500.0,19500.0
storyvaloper1rzhgd5rdcff0uee3jahp75guypgalkuldm2tq2,99.94,0,False,656138,655720,418,4642,113,2606816.0,1024.0
storyvaloper1r6967ky90cvtpmzag5l2hyqqln7kmcetg72sne,99.94,0,False,656141,655753,388,4631,115,2723625.0,1097.0
storyvaloper1x4e6l5dgfap6yhpdeg4a28dad0lfgg39nypxlt,99.94,0,False,18174,18164,10,123,1,22384.0,22384.0
storyvaloper1fhrm40tnvgf4qp5ywn74pwn72t5eynrgdljds3,99.94,0,False,656111,655723,388,4712,114,3121888.0,1024.0
storyvaloper12vs37z0ee7m9xns8zkqsng9qnf5pkvcnqgdzqt,99.94,0,False,18440,18429,11,128,1,23703.0,23703.0
storyvaloper1dzw4c607cnqnxe0djvr5a8chjm0h99yjxl7tpy,99.94,0,False,18147,18137,10,123,1,19995.1,19995.1
storyvaloper1d0k6pzc6kpvfwguqwxer87aef5njrqngdgasu0,99.94,0,False,18226,18215,11,123,1,23995.0,23995.0
storyvaloper1sp0u3967vczunl25sxh8ftk7hrex8qe74czqks,99.94,0,False,18103,18093,10,121,1,19000.0,19000.0
storyvaloper1kykx4cc73cwrnqus2rflullfw67mrwdde73xp5,99.94,0,False,74106,74063,43,474,1,25861.9,25861.9
storyvaloper1gnkssjh2nva4z0yvv7megl25hmmvg9csvggt0h,99.93,0,False,18133,18120,13,123,1,19993.0,19993.0
storyvaloper15m5s09ptvuyrmmml5g7e2xg7hrewp3x5cdufu4,99.93,0,False,18187,18175,12,123,1,19950.0,19950.0
storyvaloper1cvsdp0tsz25fhedd7cjvntq42347astvar06v8,99.93,0,False,21257,21243,14,146,3,23893.0,21598.0
storyvaloper1enja57p5uhknfynelkkvc64nraeh3hy4p9rxz9,99.93,0,False,18185,18173,12,129,1,24525.0,24525.0
storyvaloper1upyt7dr96p2ffl62ecwypeglqvk7596a3xrmvn,99.93,0,False,21881,21865,16,150,1,23782.0,23782.0
storyvaloper1u0jw7jnesvqr55fxfmjycm5uxv9w6mjtfzkwdf,99.93,0,False,18368,18356,12,103,1,1455.0,1455.0
storyvaloper1l6m9y6l064mp7hvzt3vqg3fnuu6vx0lkn50udf,99.93,0,False,30617,30597,20,196,1,19000.0,19000.0
storyvaloper1qxs6uh58zlh0pc59er06xvj53rz0mn9hpfgv25,99.92,0,False,18111,18097,14,124,1,19900.0,19900.0
storyvaloper1g8lyk7xtfxahjdkta5jcazwc2pz7ht8ucj9wzl,99.92,0,False,71948,71888,60,440,1,26094.0,26094.0
storyvaloper1d4kf8mu5e84xkqespxc87z5ds8yf26t7p3apqd,99.92,0,False,674020,673460,560,7662,116,2587905.0,98848.0
storyvaloper1cn4agxuv5zl96tw3l89w9x89rv6mjcqadcx9y3,99.92,0,False,18157,18143,14,123,1,19998.0,19998.0
storyvaloper1999gqujrmash4r8k256vdgpurd3h7067dvxtun,99.91,0,False,18591,18575,16,115,1,10000.0,10000.0
storyvaloper1spgujf9pjjtp8qrlvuucdd6cxfe7xs7858k7z5,99.91,0,False,18167,18150,17,125,1,22000.0,22000.0
storyvaloper1achxz26kc2mn8458vc2evllnrd9s2mr42vyajk,99.91,0,False,30797,30768,29,202,1,19995.0,19995.0
storyvaloper1jn8fqm7y3kzw0lvc0a8drqlyv6m6vr2rfdhgwu,99.9,0,False,656068,655421,647,4667,113,2882669.0,1050.0
storyvaloper1kz2cgurfhgege6zqnk8vwupwzqcjry0du23g4z,99.9,0,False,674244,673540,704,28452,131,3210296.9,1024.0
storyvaloper1hvavwqtnjw5m3vtkzgm62kwsfjkhwq7h8m4azm,99.9,0,False,673522,672836,686,1711,113,2392443.2,28027.2
storyvaloper17u46ud0a7wty94yyltqpqkr3fdq9ft9rw0wsgs,99.9,0,False,656111,655478,633,4590,113,2637562.0,1050.0
storyvaloper1ymjw6ydnv35t4dn8v8p7sz092z9fgxj8sltyqd,99.89,0,False,656111,655399,712,4558,115,2411233.0,1025.0
storyvaloper16a8rgcx9287q0nusu7frw7n3yrk9hlpn0re0ht,99.89,0,False,51905,51849,56,338,2,25764.0,24740.0
storyvaloper10llgt50kejk7exvsvkr5wysr7vqdrmdmwfd37e,99.88,0,False,18163,18142,21,126,1,24378.0,24378.0
storyvaloper1s4cyy5hasyrmnwcx9rerjuwthu38hna9q8vajc,99.88,0,False,656059,655246,813,4673,116,2580209.5,2048.5
storyvaloper14vnfjngu4y2ywga0aunvtaqupngqt2cr9qwz22,99.88,0,False,674069,673247,822,7759,115,3101622.0,100548.0
storyvaloper1hcndmwxa0dmdvkzxlxlvdxd033n5jcmh6afkjh,99.88,0,False,18177,18155,22,122,1,19990.0,19990.0
storyvaloper1fh06ygln2lndkvnvswrtc9v2j82m58tzceux6u,99.87,0,False,18157,18134,23,121,1,19000.0,19000.0
storyvaloper1ttetgy8a5lcr78py460pm6cjr83jcnud26jff9,99.87,0,False,18131,18107,24,124,1,19900.0,19900.0
storyvaloper1d055v5vthzzf37n5rltkr2luka7xulq95w25a4,99.87,0,False,600691,599895,796,1543,114,2145361.0,38993.0
storyvaloper13hzy82h0cg9xjc0xhc8u28de92ntdjlae3te6u,99.87,0,False,18255,18231,24,121,1,19995.0,19995.0
storyvaloper1rquq9mmuf9wdy04jvlp5ur0f9nkkwxynft3h7y,99.86,0,False,656111,655224,887,4603,114,2353889.0,1025.0
storyvaloper1k0e9hyrnjkkt702sh94pz048t9pncsd3rawhxn,99.86,0,False,656079,655174,905,4606,114,2268932.0,1060.0
storyvaloper1v7v69m6hdz3ydewanqwypzzxekrsqujqydu9n9,99.85,0,False,18176,18148,28,121,1,19000.0,19000.0
storyvaloper1v06kvxy79w02cna4d93c387wzvuewwxnqyxdld,99.84,0,False,656335,655301,1034,4611,115,3122912.0,1024.0
storyvaloper14j90lm6qu2uaux4fkhvg9ftxnl6vff5cegz95r,99.84,0,False,656144,655111,1033,4545,113,2586336.0,1024.0
storyvaloper1pjex68tfp7yh8uvr674z23ae0sv36zxhqzwzj4,99.81,0,False,656074,654832,1242,4589,115,2558689.0,1025.0
storyvaloper1gm8mm8zkcxaz6nnue7j3dhh3fxxjh5nzmfnena,99.81,0,False,64241,64118,123,407,1,24884.0,24884.0
storyvaloper1zqxgv84754uy2nz6axe50vd2us0xgh7gghzrz2,99.8,0,False,656138,654816,1322,4657,116,3158756.0,1024.0
storyvaloper1xthp0asrd4eypxcxc5pxc70ctqpfma88ek3vdj,99.8,0,False,656182,654901,1281,4973,115,2926304.0,1024.0
storyvaloper1pdj0z84lau0l7vf2jl4qs7yggv48p3avy82spr,99.78,0,False,674244,672751,1493,28753,127,4100983.0,1024.0
storyvaloper1z0uqv8xrw2j23mlcpmzatt3jj9hzezdq08ar8t,99.78,0,False,674244,672781,1463,18211,129,2597710.8,8190.0
storyvaloper1tnhycpfuzsm4l7l6t3qsy5j2lged8ec8eyft2k,99.78,0,False,505445,504321,1124,1512,113,2887715.0,27683.0
storyvaloper10ryxkfzlxz9l2e85x37k7lr24vd7hxfwz50w3s,99.78,0,False,656144,654709,1435,4477,114,2072288.0,1024.0
storyvaloper15xdpesljm34mgllad7wgjfyknxmz8h9yqqzd6y,99.78,0,False,656077,654666,1411,4637,113,3008224.0,1024.0
storyvaloper15a4fph700vr0t0arfsrleeyh4al9087ee3evct,99.78,0,False,20602,20557,45,141,1,22648.0,22648.0
storyvaloper1kuxt95cnl7y8pwzw9us0tpe74e2shawsyj5a0x,99.78,0,False,656147,654727,1420,4666,113,2159270.0,6086.0
storyvaloper1qlglvc39s9xmu06x2tqulhvfh56xj93503ep6x,99.77,0,False,656111,654579,1532,4921,115,3080612.0,1024.0
storyvaloper1tcrwtm792svad9nfkxumyesakx80t2ha4txfns,99.77,0,False,20533,20485,48,139,1,22336.0,22336.0
storyvaloper17s93lgl2ym8f98dukr7n9524sedxh8kjgkyfmv,99.75,0,False,656133,654483,1650,4656,113,3010272.0,1024.0
storyvaloper1p3gu02nw270k4v8uuvhkxdzheqw7gxaalhyzq6,99.73,0,False,656158,654376,1782,4689,115,3013410.0,1090.0
storyvaloper1v37kgmzm84vau7jul9a8x7yak37u3ckesdvst4,99.72,0,False,656074,654249,1825,4657,115,3109095.0,4615.0
storyvaloper1lfz5gpyss52c4z0tl40c7xzdwdwvksf9xyhmte,99.71,0,False,656067,654141,1926,4633,114,2757420.0,2124.0
storyvaloper1qxvcwwg608y2gz8q8c94tvtx998wlycg37t9fp,99.69,0,False,656081,654045,2036,4657,116,3049792.0,4704.0
storyvaloper1zsw5cflczjxrk5ps5lj20dzua94pjdn72guhyn,99.69,0,False,19065,19005,60,129,1,22067.0,22067.0
storyvaloper1r9642cstr2z4rwt4z2fgvk50zfcu7gt3r87kgg,99.67,0,False,656111,653938,2173,4596,115,2824928.0,2048.0
storyvaloper1daxk0lukad4950ga6t2nc939gjvpwranre5dd4,99.66,0,False,656167,653950,2217,4591,115,2662112.0,1024.0
storyvaloper16ln96fdcgfa80yp4a0l8tcyqm9x5lnn4yxuuul,99.65,0,False,656072,653767,2305,4519,114,2178784.0,1024.0
storyvaloper1wwmwvr4qc8206chufegztl76089wqjjh42vvrl,99.62,0,False,656085,653577,2508,6018,115,2414128.0,50000.0
storyvaloper1dnhkp552qr7nwr30nu563uzau7qv5dl9myzt4r,99.6,0,False,656133,653508,2625,4722,114,3099436.0,1100.0
storyvaloper1rjn5ew03pr392s0g23rwvnhtnw8z0ctnm0t4gx,99.59,0,False,656075,653410,2665,4666,114,3130154.0,1098.0
storyvaloper16h45lp8ydnt5e5307n8r3dkzxnvunm548qxpgu,99.59,0,False,21747,21657,90,148,1,24417.0,24417.0
storyvaloper18mwm9q0g0wu926x2xmzc4u4g2dngmyhex26cnx,99.58,0,False,656076,653295,2781,4570,116,2587434.0,1098.0
storyvaloper1fsud00esx6rtp7n7p7mj2xg4v6l7w8lhy8ztdk,99.57,0,False,18170,18091,79,124,1,24824.0,24824.0
storyvaloper1vcwuam4kp9yq33vcmplkny2rgjcw8tn8ap87pz,99.57,0,False,656084,653289,2795,5977,115,3157672.0,45000.0
storyvaloper14s26qxtpyqkwr76atnn8324tvrhs89j34l8ugf,99.57,0,False,656308,653505,2803,5133,113,2551520.0,1024.0
storyvaloper1kwf9x7n8pmpvv7zrhxjfqqecz65a8qgunxaz0q,99.57,0,False,18122,18044,78,104,1,1024.0,1024.0
storyvaloper17ryjtw60pktl48mw88a83qzv9mdjjx2q4f50ru,99.57,0,False,532194,529892,2302,3754,113,2911968.0,2048.0
storyvaloper1sgl4s0ysqq8e3fdhrpxnlw7w2xjq6agqvp8kur,99.54,0,False,548200,545673,2527,3834,114,2633440.0,1024.0
storyvaloper16ds8xjjpt6dm570zm8c9f4l24lepter3k5u8jy,99.54,0,False,656065,653045,3020,4724,114,2991348.0,4624.0
storyvaloper1vvzqyum2njq76w6d2cqeh5a4upqz44g25nzc0s,99.51,0,False,656141,652943,3198,4502,114,2109153.0,1025.0
storyvaloper16hm543j5ckvzj4u8djkkfftkhtrtklnp0f3427,99.51,0,False,656073,652865,3208,4592,114,2606876.0,1084.0
storyvaloper1ecsq9zy0huqvjkuvqewtzea3dtvc5j4hzqju9a,99.49,0,False,18209,18117,92,123,1,19974.0,19974.0
storyvaloper1f2a39llqj4j676htp2xt5tcdj6plh2445elud6,99.48,0,False,656082,652676,3406,4651,115,3149537.0,1025.0
storyvaloper1d0g7xp0qu2dxlqps65cfzz4hx98tncs57qa95t,99.48,0,False,671166,667684,3482,4143,116,2294769.0,1024.0
storyvaloper13jg060qm37deslld3hjwpzfnwgrxrw75tt0jfh,99.46,0,False,656063,652540,3523,4651,114,3072737.0,1025.0
storyvaloper10e4yrqkm6clysrd2dkvkwrtq7u7cphzj7cxay3,99.45,0,False,656062,652448,3614,4593,113,2810667.0,1099.0
storyvaloper1wjl6dzufze67r7rpx5ta2z7kxeeva4h2sawxa8,99.44,0,False,442599,440109,2490,1302,113,2171191.7,27959.7
storyvaloper1rtagk36fkxsa9ntdt6fzq5v2cnnmjhw45zrq96,99.43,0,False,656111,652387,3724,4602,113,2750176.0,1024.0
storyvaloper19x42aqxn7ljsd6jm4492gz5c3n6na88vaxmtgj,99.41,0,False,656063,652202,3861,4789,118,3160400.0,2101.0
storyvaloper1an0thyxr7sgj4ar629whcaeejwkd3duma5djmr,99.39,0,False,656111,652128,3983,4659,114,3056352.0,1024.0
storyvaloper16uszl4wjjjwg9xphn497dpz53k06clthqcajpk,99.38,0,False,656075,651996,4079,4615,114,2941664.0,1024.0
storyvaloper17r05q6nvmzdqnhwd2hv5zguzwulhgfp9a0hd3w,99.38,0,False,656086,652030,4056,4738,115,3075809.0,1024.0
storyvaloper1wc8ylve0cj68jrkc3eywxy5r5nknmj4clh4whr,99.37,0,False,13057,12975,82,8,111,252640.0,1024.0
storyvaloper1hwd4vszjh8fhrfr6yasdx86ydumjxr93mvmh33,99.33,0,False,570950,567140,3810,4033,113,2981600.0,1024.0
storyvaloper10aax54nlscnz4ly62klcmmfs4ys3hgtp0lftag,99.32,0,False,656148,651705,4443,4641,114,3127008.0,1024.0
storyvaloper1faykyn72emusnskkhs2zflkfj80xnx36lek3q9,99.31,0,False,656147,651640,4507,4640,115,3101408.0,1024.0
storyvaloper1lslqq5p5x4zs6t8xrt56mkjjg7cazzft787xzg,99.31,0,False,656081,651524,4557,4556,114,2659041.0,1025.0
storyvaloper1acv5yknlf7atwf03mxd2lecwelmgtctc8j6vcl,99.27,0,False,674244,669333,4911,2356,113,2985048.0,47192.0
storyvaloper1yj8ymdm7l2ek9cjevs3kqxv06gysk6vh2564m3,99.26,0,False,656138,651301,4837,4570,115,2800352.0,1024.0
storyvaloper1yn4gzfjpzuwjpva8e5tspjwufz3mjc0xe07mv5,99.23,0,False,656111,651078,5033,4494,115,2100960.0,1024.0
storyvaloper1rrwuf534h4ft8r5pr7an38u89s3f7gjj839rrh,99.22,0,False,669984,664778,5206,3969,114,3113680.0,99024.0
storyvaloper1826z0gntznjlcpa4weu55uvtp5mmd62ns05gyq,99.18,0,False,18267,18118,149,124,1,19948.0,19948.0
storyvaloper1gdmu99t8qe29jp0a25k0dr9rpmvgxjt0dhc6xl,99.13,0,False,656097,650420,5677,4526,115,2161376.0,1024.0
storyvaloper1qj87mt3zwkfs088430dghtgp8n7cdjs49jvem2,99.12,0,False,656133,650369,5764,4662,116,3133218.0,1090.0
storyvaloper12smnjtdaxdks6zhkxddg3jw5fj9lsruzauwjap,99.1,0,False,18132,17968,164,122,1,19925.0,19925.0
storyvaloper1c564q6073tpthj2x6qhmjrqye4f2txgg9gt2hv,99.08,0,False,656065,650017,6048,4527,114,2267872.0,1024.0
storyvaloper12wt5zqursxdkkvjhp4vrg5qkrjxyn0jaltn6yh,99.07,0,False,656111,649987,6124,4573,114,2641632.0,1024.0
storyvaloper12s2acumq6ycr80jycpt2hzq94xqgtehv2dz8h2,98.99,0,False,674244,667426,6818,16035,118,3422353.0,6000.0
storyvaloper1ujeanmqgxjth2cmm4mmf906pcmvz6urk0htsfv,98.97,0,False,656141,649370,6771,4612,113,2786016.0,1024.0
storyvaloper1k9sq4wgtq4u5yztk2fhkuaygnz0q8wqqkjc88j,98.95,0,False,571137,565155,5982,1889,112,2727376.0,60880.0
storyvaloper1udvjz9ayx65e9xh55fr78v8zn30jsmlrffwgd3,98.94,0,False,656176,649212,6964,5252,114,2910944.0,1024.0
storyvaloper1auna7t7rdcywwq7dlcxy6wn0h8y7y4gl8mxm0k,98.91,0,False,570962,564734,6228,3991,114,2990892.0,2124.0
storyvaloper1eyc3ha3ptevsmhvh907n36s9jvu9fk5hja8hrp,98.89,1,True,208718,206393,2325,1484,6,2824020.8,972.9
storyvaloper1xcmr77ya82eqjp2nkcv5s9mdcuh2tmxav9d9l7,98.87,0,False,674244,666606,7638,5102,116,3106065.0,1024.0
storyvaloper1l6gpgqmucdn7yyuvdyeph74cgs2f7k66u60hq6,98.74,0,False,674244,665777,8467,16009,116,3378278.0,6000.0
storyvaloper13jhfwsvhytq6qw3e42yalg7h88sgtecq46dgu2,98.25,0,False,656111,644638,11473,4476,113,2266848.0,1024.0
storyvaloper139kxvvqfzejt2ejk9ptt9t96h78rxd73xrj927,98.18,0,False,656162,644209,11953,4495,114,2309931.0,1099.0
storyvaloper16e9gt2ppsfysu0sujh8320yffkgww6h4xg2vkq,97.93,0,False,656111,642547,13564,4596,114,2967264.0,1024.0
storyvaloper1gyqunjc9crrwxna3hwvnw6n4laa28r00kxp8pt,97.78,0,False,656083,641488,14595,4816,115,3067616.9,2048.9
storyvaloper1vmvephdv9seepyr9a0zc05208ypu5n0x4k5gwc,97.47,0,False,656080,639498,16582,4516,115,2276064.0,1024.0
storyvaloper1a0jfeywlgey88rw9z987phxgr2rrhz3ep2n0rf,97.24,0,False,656069,637970,18099,4543,113,2915147.0,4203.0
storyvaloper13nwrgmldnp9g9s88cx74a32as7cle36u0v8ck7,97.15,1,False,18476,17950,526,105,1,2047.8,2047.8
storyvaloper1ep7plyu3nx2hrm782zjknjkqzu2hctkfzjnw9q,96.88,0,False,570984,553150,17834,3901,114,2915040.0,1024.0
storyvaloper1amtl58gyd69sy6kdlex9kn5dfc5vkntds539ya,96.81,0,False,656111,635195,20916,4552,114,2822880.0,2048.0
storyvaloper18s6ahmdc27yl3390ptjt98qr03h8tdjnv9hakz,96.48,0,False,656111,633007,23104,4479,115,2881248.0,1024.0
storyvaloper1mrgqjazkfmdj3e2tj4facwkshlzqym3h4g9tan,96.48,0,False,18159,17520,639,123,1,19999.0,19999.0
storyvaloper13xzqljg3yfa5e7ghuvmtzxnwgxyysk9ky3cmzl,95.71,0,False,656066,627894,28172,4413,112,2331360.0,1024.0
storyvaloper1v8pyhyc8npkkl04tpt7uwmev3plpndvwh04qq7,95.34,1,False,671261,639949,31312,9346,124,3273626.8,158992.2
storyvaloper18jpaljc3k25wjt96pdaty7nesvt5y30z3afpzl,95.23,2,True,586294,558340,27954,3884,2,137038.2,4064.8
storyvaloper1z7htzlaktt8drr9nu5uqplxrdxnq345qcsmedy,95.16,1,False,647038,615746,31292,4396,115,2843397.6,2113.6
storyvaloper10p94srhdxunq2vcnx6t42zwl8365v0ac9jrvl7,95.03,0,False,18348,17437,911,120,2,20600.0,19500.0
storyvaloper15k0x375pddkjde6h3zxu559wn9v294l726z787,94.92,1,False,585944,556158,29786,3922,113,2612997.8,1089.8
storyvaloper1hysw78eqmnfvtgsx7x4eg7gl73raper4qd8q4x,94.82,1,False,643834,610491,33343,4281,113,2210565.6,2113.6
storyvaloper1v4me33grq0uys8f2s0k0dllshlljpzk5yz348y,93.75,0,False,587351,550635,36716,1568,115,3002583.0,26839.0
storyvaloper1xt07svwfcq70gjyn60ggdk04d8p5mcu9x3emh7,93.18,1,True,266027,247878,18149,1815,2,133972.8,972.8
storyvaloper109xy2m2jsej7p0h64gr6rnl7h9gnjg0j0waufv,92.68,1,False,533103,494067,39036,3454,113,2334403.8,2047.8
storyvaloper1re39cmlfjp5cak4x0vhuztf8p0c0rs3r9lzfg3,90.33,0,False,656083,592671,63412,4349,115,2841312.0,1024.0
storyvaloper1e7ddt2nsgagglccj3tgj8gk4n6rye2sx2myxgw,89.39,0,False,656085,586459,69626,4103,114,2575072.0,1024.0
storyvaloper1u0mqgma7h300dj72yyy87u8vrzev7h4dymxfyg,89.21,0,False,18874,16837,2037,120,1,19999.0,19999.0
storyvaloper1rxa60lwchrr0mzsrwqud6rrz6jgdat7gsglmet,87.85,0,False,656137,576443,79694,4182,115,3114819.0,2147.0
storyvaloper18r2ufqkmsk0zk5mv3mnfr97hgllyfz4w07pl8y,84.8,1,False,650319,551494,98825,3826,115,2290446.8,1098.8
storyvaloper17y27wj0n54uajlsrt7umquq56dfe966ljfzx7g,84.68,1,True,240164,203366,36798,1448,2,133972.8,972.8
storyvaloper1lgexam6a80s5yj270tdw7erc54s9xzat7yaama,75.44,0,False,19491,14704,4787,99,1,21981.9,21981.9
storyvaloper1qq643l2f03uryxfevklknhgzacf97q9anjvphj,0,0,False,0,0,0,0,2,4172.0,1100.0
storyvaloper1qqlzejwnnuh7grmddx55je6y479fx3f36em9mr,0,0,False,0,0,0,0,2,4102.0,1030.0
storyvaloper1qphl50vhzcxdsp89lhaxumljvnwmh8yh3pc32w,0,0,False,0,0,0,0,1,5000.0,5000.0
storyvaloper1q950jm8js3yk58mzfyg3g9q3leatvnvmurv9yr,0,0,False,0,0,0,0,1,1029.0,1029.0
storyvaloper1qk2y6a77c9hpzxydkyhqnx8cqyj896zkmmw6gt,0,0,False,0,0,0,0,1,1041.0,1041.0
storyvaloper1qhpupdjkp4ahqwq87vnxztejn5ug7fzuqlvt0l,0,0,False,0,0,0,0,1,1029.0,1029.0
storyvaloper1p470h0jtph4n5hztallp8vznq8ehylsw9vpddx,0,0,False,0,0,0,0,1,2048.0,2048.0
storyvaloper1zaxmjdt8ryy85z3yp9gvwf83rtfjcsf4uclayr,0,0,False,0,0,0,0,1,1024.0,1024.0
storyvaloper1refacystzt40ahylmejr6hzn8xcdn7qr9yxnsm,0,0,False,0,0,0,0,1,1028.0,1028.0
storyvaloper1yrtfp0way6llsg6jsadlhjdmsgg0s000xazppp,0,0,False,0,0,0,0,1,1024.0,1024.0
storyvaloper1y83refkjy73pzm3xd2rlejyf2tfkj4agyy8c3l,0,0,False,0,0,0,0,1,1024.0,1024.0
storyvaloper1y0k3ugxaz8sew842ccmc2zht7qnfpn6kuc26zw,0,0,False,0,0,0,0,1,1027.0,1027.0
storyvaloper1ynawqm6aaqqedmzj9m902qlqhsn2gq0nrw442w,0,0,False,0,0,0,0,1,1200.0,1200.0
storyvaloper1yahzfutdk6hgmtk8avmxrcfyvnvv74arnw9nsw,0,0,False,0,0,0,0,1,1024.0,1024.0
storyvaloper190g2az3yjrcgyfcnwm4p08h75rwu9te9thg0lg,0,0,False,0,0,0,0,1,1031.0,1031.0
storyvaloper19csrzvumcw8nu578xpjl5xvguwxjdm38a8wtug,0,0,False,0,0,0,0,1,1030.0,1030.0
storyvaloper1x32wcekr8v67p7za9np5wk7e2h3nuzspv4mwfq,0,0,False,0,0,0,0,1,1024.0,1024.0
storyvaloper1x68yuu4zdh5kz7hh2kewc5h634slfnw76qgnld,0,0,False,0,0,0,0,1,1180.0,1180.0
storyvaloper183zsd55nekxe5dtkrrkhc7atlwzs485s69xhw9,0,0,False,0,0,0,0,1,1024.0,1024.0
storyvaloper18uvcd9celcsjvzmjvse5sz28gq7y3p50gf9js4,0,0,False,0,0,0,0,1,1024.0,1024.0
storyvaloper1gsya79nhjpqjhdgsu57xv240rz380rcht6yyt3,0,0,False,0,0,0,0,1,1222.0,1222.0
storyvaloper1g6m5l6xa9zgx7sc0wdlxvaljj7smjztkfa9h8e,0,0,False,0,0,0,0,1,1024.0,1024.0
storyvaloper126fna5fwx7pl4tjj6mcr8al0jv4c6j8ledtwpm,0,0,False,0,0,0,0,1,1031.0,1031.0
storyvaloper12uty9x88l2z2c32n82trgqgtg8j7c5d3yg6txy,0,0,False,0,0,0,0,1,1255.0,1255.0
storyvaloper1tx2recfx8d4gjtx6m2pj9k8reypehvk4csk58f,0,0,False,0,0,0,0,1,1041.0,1041.0
storyvaloper1tvdpcqx989v4f74epnzegh2hhs0rcu2rxc4a3e,0,0,False,0,0,0,0,1,1024.0,1024.0
storyvaloper1tj82fktpc0443s704qrk55h8gav6exdpxvnadc,0,0,False,0,0,0,0,1,1024.0,1024.0
storyvaloper1tjnj658854xdly7fmyugu74rn0z2egtk5u7tp9,0,0,False,0,0,0,0,1,1024.0,1024.0
storyvaloper1t4mukymxg55zj332auwax5cvtsw3umf4fcpwtf,0,0,False,0,0,0,0,1,1050.0,1050.0
storyvaloper1vpq2kgthsrtt5k6t9tm8c2tjscfavkvu4ua3we,0,0,False,0,0,0,0,1,1050.0,1050.0
storyvaloper1vn0jf54gmjzjcd7v24nrzhkffew9n3w9ph6jpj,0.0,1,False,28801,0,28801,0,2,140995.8,1023.8
storyvaloper1v4ycl4wdrnyjt00vq30kaymhtw8jlkz2mfa247,0,0,False,0,0,0,0,1,1041.0,1041.0
storyvaloper1vm2fcfvqtdg2zgqnu9ast0py3c4jldlkzr3g2x,0,0,False,0,0,0,0,1,1026.0,1026.0
storyvaloper1d4lx5ljvp8xndlwe9qh9jmw9fy2adcxam897sk,0,0,False,0,0,0,0,1,1055.0,1055.0
storyvaloper1d7pf95xsmmfkj5394xp64rqyvpvvq04lh430ef,0,0,False,0,0,0,0,1,2159.0,2159.0
storyvaloper1dlup3uq885re8nc6fkz7gjvc785ytwamnr5xj2,0,0,False,0,0,0,0,1,1100.0,1100.0
storyvaloper1w8vu87sxe0qyj0k9t8cs87wj7kuesdg8sl9lgg,0,0,False,0,0,0,0,1,1024.0,1024.0
storyvaloper1wsnr4kyvtqg0rx0zq0e7nqm5uvslm0xeu2n7at,0,0,False,0,0,0,0,1,3072.0,3072.0
storyvaloper1w5tamlm6g7nffl8sv7w7f36rjzh73hddyfzc05,0,0,False,0,0,0,0,1,18990.0,18990.0
storyvaloper1w6qge5ak452c350hcw2f3wlxy49wl76m0m3rk4,0,0,False,0,0,0,0,1,1029.0,1029.0
storyvaloper108khechznv48cx5v39vwg4dms8rj4ggmsxexuw,0,0,False,0,0,0,0,1,1030.0,1030.0
storyvaloper10vqk0jalegv4h5d5lzytgypk9y9uds8s7e7lcz,0,0,False,0,0,0,0,1,1248.0,1248.0
storyvaloper103hfd4e9zpha9lw4uupxh5nh0tpukms4vz0vgk,0,0,False,0,0,0,0,1,1242.0,1242.0
storyvaloper10ufarhygv32w3w6xtewuyv7r6rgpcj7z9qvsnk,0,0,False,0,0,0,0,1,1024.0,1024.0
storyvaloper1s9z9j9tfpfqz2y8mzvx8pquykjtnfvh3peatnz,0,0,False,0,0,0,0,1,1031.0,1031.0
storyvaloper1swrq6er5drk2m334ppmzw055j0thfnzjt0kyrm,0,0,False,0,0,0,0,1,1026.0,1026.0
storyvaloper1smvgxfy0d3rs983e68lkh8p6l63rpu22hhxstk,0,0,False,0,0,0,0,1,1141.0,1141.0
storyvaloper13qkpyjl7esms4fv385tskrz2p3p3mfkgn6rf9y,0,0,False,0,0,0,0,1,1034.0,1034.0
storyvaloper13tpy29jt6jdsaf5fkw3v2cg23gnhlevw5suw5v,0,0,False,0,0,0,0,1,1024.0,1024.0
storyvaloper13ntleejt5wnddmkxfq3fx6435qgqtun52dska5,0,0,False,0,0,0,0,1,1032.0,1032.0
storyvaloper13hz2y63qdq6axc53xk80rf4mh70c6kqakn47en,0,0,False,0,0,0,0,1,1216.0,1216.0
storyvaloper1jpw4aq866gw7ca7x8egxqrvgnt6k9w5ry7flsm,0,0,False,0,0,0,0,1,1181.0,1181.0
storyvaloper1jxpdlaq0zhxqzm46zthcncmqs0daa4szjn937f,0,0,False,0,0,0,0,1,1024.0,1024.0
storyvaloper1junnyfq3esakrm9kaee7y05c5wclm8p8k2w30g,0,0,False,0,0,0,0,1,1024.0,1024.0
storyvaloper1nwl6e29zu6mtwpspfk5qk4yh4sqhj5l8q5y7z9,0,0,False,0,0,0,0,1,7899.0,7899.0
storyvaloper1579n7l8yn9dfnjgr5y44xjgad243eeaqgsah73,0,0,False,0,0,0,0,1,1024.0,1024.0
storyvaloper1k9cghzf9dqj554mvecc62eh3evpcrpjhfxkgrr,0,0,False,0,0,0,0,1,1025.0,1025.0
storyvaloper1k3j4y4hupa0rye54a38v8a2jywj3c4ndwwjwrq,0,0,False,0,0,0,0,1,1025.0,1025.0
storyvaloper1khplw0txwqgj26flk042wuyl3t9c0eg67u9p3h,0,0,False,0,0,0,0,1,1029.0,1029.0
storyvaloper1hcrav0lnmgpa85cad3x90a07lewmmxzz5q7qmh,0,0,False,0,0,0,0,1,1399.0,1399.0
storyvaloper1heu4hn5zghr6se9gcnwgk49ha2x24shkkga8wn,0,0,False,0,0,0,0,1,1024.0,1024.0
storyvaloper1ha807l096rz5wp5qew9a6qsgr4zkc9qlws4cdk,0,0,False,0,0,0,0,1,1028.0,1028.0
storyvaloper1cr5plkjktwgh9ef6s65gtm2nkd0juwfps2r4w7,0,0,False,0,0,0,0,1,1024.0,1024.0
storyvaloper1cumupdxcpcgfed9qt0jt2dx269krz8uqkw4r26,0,0,False,0,0,0,0,1,1030.0,1030.0
storyvaloper1cl2f74edr5h8unach4x3uz3uxp9ghe8yz2ntn5,0,0,False,0,0,0,0,1,1029.0,1029.0
storyvaloper1expgjrkdzs97crjz8k5698uh69xxps9nrwxvaa,0,0,False,0,0,0,0,1,1051.0,1051.0
storyvaloper1eg56qkmnrpq9l4c6hh3x830lqu057dw8c8d5q9,0,0,False,0,0,0,0,1,1036.0,1036.0
storyvaloper1evq5eqnghrn8gqfwv03rxhf4pzwjzjzjc8csf5,0,0,False,0,0,0,0,1,1024.0,1024.0
storyvaloper1605zknfhq3craex9ev449ftujlcra2ffdswd4r,0,0,False,0,0,0,0,1,1024.0,1024.0
storyvaloper16sq6yyxwv0jhqd5nmp2uldmwm7ffplg2kp6twr,0,0,False,0,0,0,0,1,1024.0,1024.0
storyvaloper16ny3uvk4f5etz96euf3nfan69uleped6v2w8x8,0,0,False,0,0,0,0,2,2048.0,1024.0
storyvaloper1mz85a7l2dnehfwsmxckqmy3c8hvhtghjtv6nnl,0,0,False,0,0,0,0,1,1206.0,1206.0
storyvaloper1mtwva8fz7wyevwcchpjwzc0m8fszpvy9f6la7g,0,0,False,0,0,0,0,1,1151.0,1151.0
storyvaloper1mwgwgn6x5waumhg4tgnuhkezhamnaq4385mrgv,0,1,False,0,0,0,0,2,120999.8,119976.0
storyvaloper1m3mlf7z5z9ukup5trphfyeyxpds4pw9lu9j2a2,0,0,False,0,0,0,0,1,1024.0,1024.0
storyvaloper1mcv454heahnkx3uj6l524fn8dgfzhc8ndtl29y,0,0,False,0,0,0,0,1,1024.0,1024.0
storyvaloper1mu0ndxqxgang5w7zcw7uc994839xm7sl6zs7u8,0,0,False,0,0,0,0,1,1026.0,1026.0
storyvaloper1ml96gdn6nte0sfr7e0zznfjq27fkr8579ls7n6,0,0,False,0,0,0,0,1,1031.0,1031.0
storyvaloper1uzl4xkkh44jdrwsse8yapxazjvdmdfmpf93prq,0,0,False,0,0,0,0,1,2157.0,2157.0
storyvaloper1ure4qf4a6yzmvxlhrze04saz6qh5qz90jqaf8e,0,0,False,0,0,0,0,1,1024.0,1024.0
storyvaloper1ugffv622q6zlcnjtsw23js5jrjlsadesrn6ev2,0,0,False,0,0,0,0,1,1025.0,1025.0
storyvaloper1ujgese53javjljuamf5jm5nngqg3rm4kwl45ly,0,0,False,0,0,0,0,1,1026.0,1026.0
storyvaloper1a2khawzy374cm42tfn6v7uglplxkkld6hzpkpv,0.0,1,False,28801,0,28801,0,2,281033.8,1089.8
storyvaloper1a3wn6pxremaxpfsm0rl5y49c5270vt0acterar,0,0,False,0,0,0,0,1,1024.0,1024.0
storyvaloper1aheecl0s3587u9kgrsws92kcx2xw5zz9tv6egd,0,0,False,0,0,0,0,1,1300.0,1300.0
storyvaloper1l2g6kkh83044kcc60kp5xlscg4ngl8p0jw5cmf,0,0,False,0,0,0,0,1,2059.0,2059.0
storyvaloper1l3snyq8022mkngm7tpcsv5lzvnzxcqegmmhn4m,0,0,False,0,0,0,0,1,1024.0,1024.0
storyvaloper1lh880nh3ws3tlxs9njrfer6rlt9h3npqy4qusr,0,0,False,0,0,0,0,1,1150.0,1150.0
storyvaloper1luezlhyfn4jxrjugmsexj6wztlszegmzgytmdk,0,0,False,0,0,0,0,1,1029.0,1029.0
